,Name
,Digital Marketing Courses
,Digital Marketing Course Syllabus
,Digital Marketing Course Fees
,Best Colleges for Digital Marketing
,Digital Marketing Institutes
,DIDM: Delhi Institute of Digital Marketing
,MICA Digital Marketing Course
,NIIT Digital Marketing
,Digital Marketing Course by Digital Scholar
,IIDE Digital Marketing Courses
,Digital Marketing Courses in Bangalore
,Top 10 Digital Marketing Courses in Delhi
,Digital Marketing Courses in Mumbai
,Digital Marketing Courses in Hyderabad
,Digital Marketing Courses in Kolkata
,Digital Marketing Courses in Canada
,15 Best Online Digital Marketing Courses in 2022
,Google Digital Marketing Course
,Coursera Digital Marketing Courses
,Digital Marketing on LinkedIn
,Best Simplilearn Digital Marketing Certification in 2022
,Edx Digital Marketing Courses
,Digital Marketing Udacity
,Digital Marketing Course by Henry Harvin
,Future Learn Digital Marketing
,Semrush Digital Marketing Course
,Digital Marketing Course UpGrad
,Hubspot Digital Marketing Courses
,Best Digital Marketing Courses on Emeritus
,Best Digital Marketing Courses on My Great Learning
,Best Digital Marketing Courses
,20 Best Digital Marketing Certifications 2022
,10 Best Free Digital Marketing Courses Online in 2022
,Digital Marketing for Beginners
,Diploma in Digital Marketing
,Digital Marketing Jobs
,Top Digital Marketing Agencies in 2022
,Digital Marketing Internships
,Freelance Digital Marketing
,Freelance Digital Marketing
,Best Digital Marketing Courses on Udemy
,The Complete Digital Marketing Course - 12 Courses in 1 on Udemy
,Best Affiliate Marketing Course on Udemy in 2022
,Data Science Courses
,Data Science Syllabus and Subjects
,Data Science and Machine Learning
,Python for Data Science
,SQL for Data Science
,Data Science Courses After 12th
,IIT Madras Data Science Courses
,IIT Delhi Data Science Course
,IIIT Bangalore Data Science Course
,Data Science Course Online
,Free Data Science Courses
,Best Data Science Courses on Udemy in 2022
,The Data Science Course 2022
,Udemy Coupon Codes November 2022
,30 Best Data Science Certification Course 2022
,Google Data Science Certification
,IBM Data Science Professional Certificate
,Microsoft Data Science Certification
,Data Science Courses in Delhi
,Data Science Courses in Hyderabad
,Data Science Courses in Canada
,Data Science Jobs
,Data Science and Machine Learning Bootcamp
,10 Best Data Science Courses on Coursera in 2022
,Udemy Fashion Design
,Fashion Designing Courses Fees
,Fashion Designing Courses After 12th
,Online Fashion Design Courses
,Fashion Designing Course Syllabus
,"Fashion Design Jobs, Internships, Company"
,Fashion Designing: Courses
,Paramedical Courses List 2022
,Paramedical Syllabus
,Paramedical Colleges
,Paramedical Courses After 10th
,Paramedical Courses After 12th
,Paramedical Course Eligibility
,AIIMS BSc Paramedical Result 2022
,Paramedical Courses in Bangalore
,Paramedical Courses in Delhi
,Paramedical Courses in Hyderabad
,Paramedical Salary in India
,Computer Science Courses
,Computer Science Certificate Courses
,Computer Science Courses After 12th
,Hotel Management Courses
,Hotel Management Syllabus 2022
,Hotel Management Course Fees
,Hotel Management Courses After 12th
,Hotel Management Certificate Courses
,Best Hotel Management Courses on Udemy in 2022
,Hotel Management Salary
,Hotel Management Jobs 2022
,Hotel Management Internships
,Hotel Management Colleges In India
,Hotel Management Colleges in Delhi
,List of Hotel Management Courses After 10th
,Graphic Design Courses
,Graphic Designing Jobs
,Graphic Design Syllabus 2022
,10 Best Free Graphic Design Courses Online in 2022
,Graphic Design Courses After 12th
,50 Best Online Graphic Design Courses with Certificates in 2022
,Udemy Graphics Design
,Graphic Design Softwares
,10 Best Online Graphic Design Courses in 2022
,Types of Graphic Design
,Best Interior Designing Courses
,Interior Design Subjects
,Interior Design Course Fees
,Interior Designing Courses After 12th
,Interior Design Courses After Graduation
,Online Interior Design Courses
,Free Online Interior Designing Courses
,Udemy Interior Design Courses
,Interior Design Courses in Delhi 2022
,Interior Architecture Design
,Interior Design Companies
,Data Analytics Courses
,Data Analytics Syllabus 2022
,10 Best Online Data Analytics Courses in 2022
,Best Udemy Data Analytics Courses
,Data Analytics Courses for Beginners
,Data Analytics Certificate Courses
,IBM Data Analyst Professional Certificate
,Google Data Analytics Professional Certificate
,Data Analytics Jobs
,Data Analytics Internship
,Data Analytics Courses Abroad
,Types of Data Analytics
,Nursing Courses
,Nursing Jobs 2022
,Nursing Syllabus
,ANM vs GNM
,Nursing Certifications List
,List of Nursing Courses After 10th
,Nursing Courses After 12th in Science & Arts
,PMP Certification
,PMP Syllabus
,PMP Certification Cost 2022
,PMP Certification in India
,PMP Certification Jobs and Scope
,PMP Certification Online
,PMP Certification Requirements
,PMP Exam 2022
,PMP Training
,Cyber Security Courses
,Cyber Security Course Syllabus 2022
,Cyber Security Courses Online
,Best Cyber Security Courses on Udemy 2022
,Free Cyber Security Courses
,Cyber Security Certification Courses
,IBM Cybersecurity Analyst Professional Certificate
,Cyber Security Courses in Bangalore
,Types of Cyber Security Courses
,IT Security Courses
,Cyber Security Jobs
,Cyber Security Courses After 12th
,Tally Courses
,Tally Jobs
,Tally Certification
,Tally Course Syllabus
,Tally vs SAP
,Udemy Tally Courses and Reviews
,Web Designing Courses
,Web Designing Course Syllabus
,Web Designing Certificate
,Complete Web Design
,Free Online Web Designing Courses
,Udemy Web Designing
,Web Designing Courses for Beginners
,Web Designing Course Fees
,"Web Design Software, Google Web Designer"
,Web Design Tutorial
,Business Analytics Courses
,Business Analytics Course Syllabus 2022
,Business Analytics Certification
,Business Analytics Courses
,Best Business Analysis courses on Udemy
,Best Business Analytics Courses on Udemy in 2022
,Coursera Business Analytics Course
,Business Analyst Jobs
,Top BI Tools
,Types of Business Analytics
,Artificial Intelligence Courses
,Artificial Intelligence Course Syllabus 2022
,AI and Machine Learning
,AI Applications
,Artificial Intelligence Courses After 12th
,Artificial Intelligence Courses in Delhi
,Artificial Intelligence Courses Online
,Coursera AI Course
,Google AI Certification
,IBM AI Engineering Professional Certificate
,Artificial Intelligence Udemy
,Ethical Hacking Courses
,Ethical Hacking Courses After 12th
,Ethical Hacking Course Syllabus
,Ethical Hacking Course Fees and Duration
,10 Best Ethical Hacking Books in September 2022
,Ethical Hacking Course Udemy
,Learn Ethical Hacking from Scratch on Udemy
,Ethical Hacking Scope
,Ethical Hacking Courses in Delhi Fees
,Ethical Hacking Courses Online Free
,BPT
,BPT Admission 2022
,BPT Jobs
,Psychology Courses
,BSc Psychology
,B.Sc Psychology Admissions 2022
,BSc Psychology Distance Education
,How to Become a Counsellor
,Types of Counsellors
,Certifications and Licensure for Counselors
,How to Become a Psychologist
,Animation Courses
,Animation Course Syllabus 2022
,Animation Certificate Courses in India with Fees
,Animation Courses after 12th
,Animation Courses in Delhi
,Animation Courses Salary 2022
,Animation Courses Online
,Types of Animation
,Udemy Animation Course
,Engineering Courses
,Engineering Certification Courses
,Engineering Syllabus
,List of Engineering Courses After 12th
,Engineering Courses
,Web Development Courses
,Web Development Course Syllabus in 2022
,Online Web Development Courses
,Best Udemy Web Development Courses
,The Complete 2022 Web Development Bootcamp on Udemy
,The Web Developer Bootcamp 2022 on Udemy
,The Complete Web Developer Course 2.0 on Udemy
,50 Projects in 50 Days
,WordPress for Web Development
,Web Development with Django on Udemy
,Free Web Development Courses
,Web Development Courses in Delhi
,Python Courses
,Python Course Syllabus
,Best Python Tutorial for Beginners
,Computer Vision with Python on Udemy
,2022 Complete Python Bootcamp from Zero to Hero in Python on Udemy
,10 Best Python Courses on Udemy in 2022
,Python for Beginners with Examples on Udemy
,Python for Data Science and Machine Learning Bootcamp on Udemy
,2022 Python for Machine Learning & Data Science Masterclass on Udemy by Jose Portilla
,Learn Python Programming Masterclass on Udemy
,The Python Mega Course 2022: Build 10 Real-World Programs on Udemy
,100 Days of Code
,Event Management Courses
,Event Management Online Courses
,Event Management Certificate Courses
,Event Management Courses after 10th
,Event Management Courses After 12th
,Event Management Courses after Graduation
,Event Management Courses in Bangalore
,Event Management Courses in Kolkata
,Event Management Courses in Mumbai
,Event Management Syllabus 2022
,Free Event Management Courses Details
,B Pharmacy
,B Pharmacy Jobs
,B Pharmacy Syllabus
,B Pharmacy Abroad
,B Pharmacy Admission 2022
,Career as a Pharmacist
,Role of Pharmacist
,Salary of a Pharmacist
,Pharmacist Qualifications
,Photography Courses
,Photography Courses After 12th
,Part Time Photography Courses
,Online Photography Courses
,10 Best Udemy Photography Courses in 2022
,Coursera Photography
,Photography Certificate Courses in India with Fees
,Nikon Photography Courses
,Free Online Photography Courses With Certificates
,Types of Photography Courses
,Fashion Photography Courses
,Photography and Videography Courses
,Travel Photography Courses
,Product Photography Courses
,Architectural Photography Courses
,Photography Courses in Mumbai
,Photography Subjects 2022
,Aviation Courses
,Aviation Courses After 12th with Fees
,Aviation Courses in Kerala
,Best Aviation courses on Udemy
,Aviation Jobs in India 2022
,Aviation Management Salary
,Aviation Subjects
,Beautician Courses
,Beautician Course Syllabus 2022
,Beautician Courses Online with Details
,Beautician Courses Abroad
,Beautician Course by VLCC
,Beauty and Wellness Course
,Stock Market Courses
,Stock Market Syllabus
,Stock Trading Jobs
,Stock Trading for Beginners
,Best Udemy Courses for Stock Market in 2022
,The Complete Foundation Stock Trading Course on Udemy
,Best Trading Courses on Udemy
,Udemy Technical Analysis Courses
,Technical Analysis MasterClass
,Advanced Stock Trading Course
,Air Hostess Courses
,B.Sc Airlines
,How to Become an Air Hostess
,Salary of a Air Hostess
,Air Hostess Qualifications
,Vocational Courses
,Vocational Subjects
,Vocational Courses after 10th
,Vocational Courses After 12
,Vocational Courses in Delhi
,Banking Courses
,Banking Course Syllabus 2022
,Banking Courses Online
,Banking Certification Courses with Online Courses
,Banking Courses after 12th with Fees
,Banking Courses Eligibility
,Best Banking courses on Udemy
,Biotechnology Courses
,Biotechnology Course Syllabus
,Biotechnology Certificate Courses
,Biotechnology Courses After 12th
,Biotechnology Entrance Exam Syllabus 2022
,Biotechnology vs Bioinformatics
,Software Engineering Courses
,Software Engineering Course Syllabus
,Software Engineering Courses after 10th
,Software Engineering Courses After 12th
,Best Udemy Courses for Software Engineers in 2022
,Best Udemy Courses for Software Development
,Best System Design Course on Udemy
,Mastering Data Structures & Algorithms using C and C++ on Udemy
,Master the Coding Interviews
,REST APIs with Flask and Python on Udemy
,Free Software Engineering Courses Online
,How to Become a Software Developer From Scratch
,Radiology Courses
,Radiology Courses after 12th Fees
,Radiology Diploma Course
,IT Courses
,Certificate Courses In Information Technology
,Difference Between IT And CSE
,Cloud Computing Courses
,Cloud Computing Courses Fees
,Best AWS Courses on Udemy 2022
,Best Kubernetes Course on Udemy
,Udemy Cloud Computing
,Google Cloud Platform Fundamentals
,IBM Full Stack Cloud Developer Professional Certificate
,Software Testing Courses
,Udemy Software Testing Course
,Software Testing Courses
,Machine Learning Jobs
,Machine Learning Course Syllabus 2022
,Free Machine Learning Courses With Certificate
,Machine Learning Courses For Beginners
,Machine Learning Courses For Mechanical Engineers
,Best Machine Learning Courses on Udemy
,"Machine Learning, Data Science and Deep Learning with Python"
,Machine Learning With Python
,CCC Course Full Form
,CCC Course Syllabus 2022
,Commerce Courses
,Commerce Syllabus
,Commerce Certificate Courses
,Commerce Courses After 12th Without Maths
,Journalism Courses
,Certificate Course in Journalism
,Journalism Courses After 12th in India with Fees
,Journalism Courses After Graduation
,Udemy Journalism Courses
,Design Courses
,Designing Courses After 12th
,10 Best Design Courses on Udemy in 2022
,Mobile Repairing Institute in Delhi
,Top 10 Mobile Repairing Institutes in India
,Hitech Mobile Repairing Course Fee Structure
,Mobile Repairing Course Duration and Fees
,Project Management Courses for Beginners
,Udemy Project Management
,Project Management Fundamentals
,AutoCAD Courses
,Udemy AutoCAD Course
,Investment Banking Courses in India
,Udemy Investment Banking
,Computer Science Courses
,Computer Science Certificate Courses
,Computer Science Courses After 12th
,Product Management Courses
,10 Best Product Management Courses on Udemy in 2022
,CCNA Course
,The Complete Networking Fundamentals Course
,Medical Courses
,6 Month Medical Courses after 12th
,Medical Certificate Courses in India
,Medical Courses After 12th Without NEET
,Mass Communication Courses
,Mass Communication Courses After 12th
,Mass Communication Courses in Delhi
,Architecture Certificate Courses
,Architecture Course After 12th in India
,Masters in Architecture Courses in India
,Personality Development Courses
,Finance Modelling Courses
,Financial Modelling Course Udemy
,Java Courses
,10 Best Java Courses on Udemy in 2022
,Java In-Depth
,Java Programming Masterclass Covering Java 11 & Java 17 on Udemy
,Spring and Hibernate for Beginners (includes Spring Boot) on Udemy
,Video Editing Courses
,Premiere Pro CC for Beginners
,Udemy Video Editing
,Hospital Management Courses
,Hospital Management Courses After 12th
,Certificate Courses in Hospital Management
,DevOps Courses
,Best DevOps Courses on Udemy
,Docker and Kubernetes
,Best Docker Course on Udemy in 2022
,MBA Hospital Management
,MBA (Master of Business Administration) Hospital Management Jobs in India
,MBA Hospital Management Syllabus
,MBA (Master of Business Administration) Hospital Management Distance Education Fees
,MBA Hospital Management Admission 2022
,DevOps Courses
,Best DevOps Courses on Udemy
,Docker and Kubernetes
,Best Docker Course on Udemy in 2022
,Network Courses in India
,Agriculture Courses
,Agriculture Certificate Courses in India
,Agriculture Courses After 12th
,Accounting Courses
,Accounting Certification Courses
,Accounting Courses After 12th
,Best Accounting Courses on Udemy
,German Language Courses
,Best German Language Courses on Udemy